{"cameraMode":{"drawMode":0,"name":"Shaded","section":"Shading Mode"},"sceneLighting":false,"audioPlay":false,"sceneViewState":{"showFog":true,"showMaterialUpdate":false,"showSkybox":false,"showFlares":true,"showImageEffects":true,"showParticleSystems":true},"in2DMode":false,"pivot":{"x":0.0,"y":-0.010604098439216614,"z":-0.020028062164783479},"rotation":{"x":-0.03091820701956749,"y":0.9689093232154846,"z":-0.18263518810272218,"w":-0.16402582824230195},"size":0.11833137273788452,"orthographic":false}